cq,baseline,plateau,slope,inflection,asymmetry,drift,CurveCall
39.38142611,18.86229158,35.52776861,-0.447984239,35.35770679,5.5,0.036512908,1
26.64980276,23.90203411,25.03560167,-0.138960062,13.67799769,5.5,0.026516746,0
38.08884011,19.15048451,37.67666817,-0.429193957,33.88896077,5.5,0.043122906,1
38.118073,17.92578203,37.87532918,-0.412704564,33.75038969,5.5,-0.017075851,1
38.41209869,16.63137036,30.77421681,-0.442670277,34.3400773,5.5,-0.002722372,1
49.77680055,22.07694233,23.69389144,-0.918303994,47.8138745,5.5,0.077291624,0
38.33306365,16.14660301,33.83412702,-0.445738603,34.28907278,5.5,0.031735938,1
40.03130191,15.83769601,44.77917231,-0.400196343,35.52710573,5.5,0.057333707,1
49.0867423,20.53731939,37.15408806,-1.402518748,51.87236681,0.5,0.043466395,0
17.05543063,14.07375198,15.86182492,-0.229304566,34.093428,0.5,0.052772705,0
37.90840558,22.3702648,50.69263294,-0.419233681,33.60874427,5.5,0.045774363,1
11.53644524,21.67704523,22.73112957,-0.01,38.0350056,1.756592275,0.05616247,0
38.99156144,25.05172203,45.19821147,-0.418966757,34.68916081,5.5,0.088566499,1
19.70923217,21.66329113,23.46099887,-0.316525037,32.05230189,0.5,0.031102628,0
17.20507064,15.90517706,17.29900693,-0.103653484,2.36E-05,5.435725187,0.043950777,0
46.11314526,20.45766875,35.45691705,-0.432714044,41.94743152,5.5,0.015012112,0
40.46312712,17.059286,35.17799249,-0.40827324,36.04803776,5.5,0.080716059,1
39.83794285,22.47202184,49.60115385,-0.431944715,35.66480963,5.5,0.132541688,1
21.32920929,21.87174098,23.80922122,-0.256131422,14.29156112,5.5,-0.001165463,0
21.50666941,27.65212729,32.65127592,-0.10061569,7.408503789,4.362154507,-0.048266875,0
38.77322317,17.30670889,32.37810341,-0.393594349,34.19347541,5.5,0.028050616,1
38.48526716,17.94616165,35.98646176,-0.454013876,34.51498578,5.5,0.041499307,1
20.58407634,14.6168226,17.25905383,-0.215345531,23.50839883,1.482622681,0.032906019,0
46.42486318,20.63399611,34.87117398,-0.662008893,46.13355287,2.205570256,0.045021723,0
49.81640051,17.83946843,19.41871413,-0.751158153,47.41668904,5.5,0.075424245,0
25.90937485,25.78715157,40.57591535,-0.069571838,0,5.5,-0.117900537,0
39.03364622,21.66416466,42.36729244,-0.467440642,35.17740721,5.5,0.08890851,1
23.49330861,11.3870582,22.10553516,-0.060696997,0,4.38157045,-0.086539598,0
22.79955993,15.33943565,17.07344899,-0.0790613,0,5.5,0.024652825,0
21.65436315,17.37347782,17.80630576,-0.124999878,7.23384643,5.5,0.015792608,0
47.80745481,17.13025777,36.76166232,-0.386213246,43.14018134,5.5,0.070026145,0
39.03699976,22.17070633,45.95088962,-0.396239524,34.48782502,5.5,0.040942861,1
38.4863911,19.11575779,45.13799335,-0.443559933,34.42253704,5.5,0.155945459,1
49.37422338,25.307278,26.71275118,-1.142559139,47.79656952,5.5,0.065692615,0
48.54530288,19.1979408,33.62555826,-0.50362329,44.96611408,5.5,0.103520982,0
44.50426401,13.32091829,30.83033003,-0.348247608,40.58971115,4.221676751,0.014032993,0
38.77368955,18.10425995,37.79607285,-0.424503123,34.5274008,5.5,0.087375038,1
8.588051117,14.11879641,17.21083726,-0.178259693,30.50489909,0.5,0.066030468,0
38.7919977,16.95161583,36.23969245,-0.416617933,34.46534085,5.5,0.073489957,1
38.30481381,13.3289817,30.33026493,-0.429711836,34.10999606,5.5,-0.013937508,1
37.926418,22.34801742,44.76303803,-0.451116923,33.93064053,5.5,0.024325869,1
3.128416938,22.78714343,25.77211453,-0.099375583,0,2.344902481,0.052704873,0
39.01403487,29.10897928,53.89544744,-0.469273799,35.17285976,5.5,0.004401647,1
38.8888629,17.04025597,36.40066128,-0.394937758,34.32469348,5.5,0.044629644,1
48.63526613,25.48006646,41.95142623,-0.980618409,50.06311811,1.073147122,0.02634049,0
44.83177224,13.56309999,25.89936518,-0.548527429,44.71388535,2.066051309,0.024112035,0
30.72698901,20.4982532,21.55267988,-0.158695287,19.65500265,5.349074159,0.010104238,0
47.14309048,27.11548686,50.43974448,-0.601049045,44.59170423,4.67208808,0.098127989,0
38.33620198,18.17889085,37.53460031,-0.460485973,34.42172263,5.5,0.053543471,1
38.83573625,17.98940005,42.60580893,-0.412620878,34.46716711,5.5,0.023345367,1
18.86610475,19.01566244,20.87866949,-0.172249063,8.401241801,5.5,0.035013875,0
39.79279721,19.85084862,34.26859396,-0.420726889,35.50839589,5.5,0.033255229,1
18.64283536,15.32053805,16.22570401,-0.202522959,9.742299595,5.5,0.027589303,0
47.76587707,22.74868739,36.01155401,-1.290571173,49.79266597,0.705777462,0.078780567,0
38.89581353,22.44788831,48.87020737,-0.438172327,34.78199181,5.5,0.048218737,1
38.46420038,17.15143221,36.85890311,-0.452496583,34.48060602,5.5,0.029462059,1
37.56413081,15.4203774,31.87955266,-0.457494288,33.62405355,5.5,0.006109161,1
39.54353312,14.86171127,32.61299652,-0.381368387,34.81696715,5.5,0.067699661,1
38.70231873,14.96330117,33.64477444,-0.422492617,34.43582326,5.5,0.048238229,1
46.22482227,22.66018299,41.15405659,-0.620485611,44.88997573,3.103121308,0.064332008,0
17.90975031,20.56297999,22.58932922,-0.183311099,8.076396792,5.5,0.058645108,0
40.6409295,23.11050259,44.27310205,-0.417348822,36.32184977,5.5,0.044999524,1
45.19421617,16.04792973,29.82233156,-0.668199508,45.10368288,2.061707093,0.026381369,0
45.09594033,17.19434354,28.42550615,-0.770269957,46.49825997,1.220332598,0.008274998,0
39.71099668,20.02138274,44.95257907,-0.385435468,35.03430502,5.5,0.090813476,1
48.18425395,17.86663763,38.95103423,-0.357462558,43.14159202,5.5,0.036995818,0
49.0915917,23.81128215,33.1696366,-0.66389068,46.37644161,5.5,0.060727695,0
39.13216257,11.31842893,29.65412737,-0.397011167,34.59182974,5.5,0.078703769,1
42.37247739,22.81558497,41.23059349,-0.453954302,38.40167498,5.5,0.064101933,1
23.68155697,20.52235629,26.81218661,-0.097128307,5.12298343,5.5,-0.034547559,0
45.13269101,20.69266312,35.7780616,-0.436430154,41.00244745,5.5,0.057404821,0
38.29194638,16.3476143,31.55273967,-0.440227113,34.19732616,5.5,0.045560775,1
39.26517019,14.69484686,30.71524348,-0.413452236,34.90538524,5.5,0.017623739,1
39.71563363,17.87770166,37.40848407,-0.461142097,35.80672389,5.5,0.077778237,1
49.65252831,19.35593357,36.45304264,-1.346728353,52.55355181,0.5,0.053744462,0
39.08387487,18.52951962,35.81322654,-0.429186776,34.88392525,5.5,0.04579596,1
38.30091731,16.18721303,35.37687261,-0.413356011,33.94011744,5.5,0.02430866,1
39.19712075,25.44673344,55.13526768,-0.431668336,35.02131566,5.5,-0.002761885,1
38.79948333,21.59593143,41.68837593,-0.411965682,34.42396635,5.5,0.057745887,1
37.4974429,24.13253971,43.17561102,-0.409215603,33.09252084,5.5,-0.01477381,1
13.01799986,12.67043395,14.77687423,-0.239331593,29.34217394,0.5,0.048118209,0
38.72643027,20.64816488,41.06030306,-0.440009701,34.62978688,5.5,0.104000572,1
38.19572549,12.93851482,28.32925045,-0.397260567,33.65824307,5.5,-0.018951784,1
47.87732217,17.78370785,30.91630096,-0.903560328,49.37734778,1.092110654,0.057702084,0
37.43671638,15.69109941,34.96860564,-0.447522771,33.40884796,5.5,0.044919124,1
46.44718382,16.31001001,29.53985927,-0.690529551,45.68116813,2.632862227,0.073815739,0
37.84719579,14.60788345,35.9506434,-0.408479656,33.4343375,5.5,0.029557875,1
47.54957253,17.05311863,18.54518664,-0.693376414,48.10354681,1.660023308,0.007648648,0
39.52835427,19.89475565,43.681702,-0.404879986,35.07626254,5.5,0.062124525,1
39.41930746,11.4184688,31.79811631,-0.414240211,35.06781577,5.5,0.120076145,1
46.92030293,19.53876668,30.39819557,-0.667142724,47.02859533,1.929430246,0.054867747,0
40.58205554,23.08368858,48.35293781,-0.408861282,36.17331615,5.5,0.003527653,1
37.94428939,18.55801467,39.1631498,-0.462183597,34.04418811,5.5,0.034378709,1
38.0475822,17.32591307,36.93112842,-0.40216414,33.56542514,5.5,0.007226107,1
39.506217,16.26049607,35.06235613,-0.375992336,34.71206919,5.5,0.126700852,1
37.93870319,15.75224692,31.90423511,-0.417875047,33.62506242,5.5,-0.002981984,1
37.98628505,18.31728743,35.71469477,-0.447571311,33.95885346,5.5,0.00822438,1
38.62557432,18.50037018,47.36796297,-0.428960423,34.42340848,5.5,0.030527835,1
37.77773002,21.36501697,42.72095397,-0.425746251,33.54383991,5.5,-0.031223481,1
47.96619946,20.99668423,23.17477447,-0.579037517,44.85316657,5.5,0.096450037,0
49.90525187,11.58073557,20.33309029,-0.453403392,45.92962471,5.5,0.040277432,0
38.3444219,17.34344254,34.62984056,-0.42903356,34.1429724,5.5,0.032587198,1
24.7048008,20.03822777,21.58578175,-0.144369282,12.21902257,5.5,0.023894576,0
11.44331972,14.88758921,16.74001619,-0.284702429,25.16603577,0.5,0.022636553,0
37.19946015,15.93248482,35.32674867,-0.435879566,33.0639994,5.5,0.002092938,1
39.42741064,19.87042852,37.36870043,-0.414441632,35.0780338,5.5,0.033161381,1
38.46841015,22.82584332,45.03969701,-0.443722969,34.40604926,5.5,0.072608904,1
37.31092107,22.78887994,23.26430728,-0.01,39.38619378,1.979387297,0.030211773,0
47.97354692,17.43373323,28.7965625,-0.589415046,44.9153236,5.5,0.151230119,0
38.47682288,23.81076187,47.55748505,-0.420233615,34.18739249,5.5,0.018010301,1
47.12448413,20.36159906,21.77531952,-0.158777197,60,0.848353756,0.063670404,0
39.23693806,18.91981076,38.06579731,-0.407883548,34.81763052,5.5,0.093510976,1
37.57458775,19.68689421,39.61530486,-0.452994772,33.59537442,5.5,0.021333201,1
38.68703508,14.52354736,31.66462259,-0.451411044,34.69386109,5.5,0.070303762,1
38.1114222,16.21947605,34.24826762,-0.43320911,33.95046898,5.5,0.033050522,1
37.89000907,16.28410342,35.80107507,-0.430638976,33.7042225,5.5,0.005519787,1
37.85217338,20.71928121,41.44095172,-0.47384004,34.04801442,5.5,0.06112879,1
19.64537679,18.62501581,19.15788489,-0.309023449,13.81228275,5.5,0.016843719,0
48.69912769,16.22839822,28.68772262,-1.182732886,50.18264032,0.939381436,0.127687612,0
38.18957284,17.98625401,36.65633147,-0.428865946,33.98648129,5.5,0.03694144,1
38.44356354,16.79175743,29.24851136,-0.48337746,34.71446365,5.5,0.022289392,1
15.16847032,16.50359796,17.77002397,-0.134711696,1.787576924,5.5,0.031754584,0
38.30980796,18.58204925,37.75575733,-0.491342959,34.64116306,5.5,0.045056126,1
48.59534193,16.7227014,23.67418057,-1.813537244,50.74963493,0.5,0.018298021,0
46.80144282,17.15253689,28.58419739,-0.576982165,46.12631495,2.443974758,0.029830282,0
39.38477198,24.36516001,51.94265315,-0.453389006,35.40901868,5.5,0.103230911,1
39.35858347,21.1588143,41.74486961,-0.464465443,35.47764278,5.5,0.170509365,1
40.70794447,11.68955797,24.86090428,-0.361166452,35.71699687,5.5,0.068638543,1
38.19991559,25.5811216,55.38715244,-0.421221323,33.92054334,5.5,0.020116797,1
38.37579095,20.64758587,39.16644611,-0.426860634,34.15295406,5.5,0.066143715,1
37.65030325,23.72842537,51.6656957,-0.460842248,33.73885016,5.5,0.006533432,1
43.68073286,13.13466007,36.50142643,-0.452062229,40.29284112,4.66657044,-0.001310983,1
38.70227964,22.15093674,46.50307762,-0.430545587,34.51558515,5.5,0.029475296,1
48.36793965,21.0753068,35.52413407,-0.498719205,44.75355541,5.5,0.046528129,0
39.64655816,21.48896949,45.32882608,-0.418380875,35.33813265,5.5,0.114757021,1
38.37106969,22.01697773,49.302525,-0.391974299,33.77239361,5.5,0.005802048,1
38.71220712,17.08412576,35.22367674,-0.450980147,34.71521779,5.5,0.059256057,1
38.18835721,14.70508394,35.93084065,-0.410506764,33.79728989,5.5,0.032919865,1
38.89566631,14.42920273,29.52508497,-0.456324466,34.94548838,5.5,0.010329118,1
16.72160731,21.10399591,22.33275744,-0.231079563,8.920991749,5.5,0.027355707,0
39.43792102,21.94039922,38.64793684,-0.456147928,35.48621429,5.5,0.04259123,1
38.61082765,16.72238767,34.37419147,-0.457690923,34.67244316,5.5,0.061013052,1
48.64723895,22.16133115,40.04437179,-0.609025059,45.68748745,5.5,0.106105467,0
38.22538856,23.76821281,47.00555634,-0.477653956,34.45160461,5.5,0.064039562,1
48.19725935,17.15391961,26.90307724,-0.904066017,49.67527086,1.100365531,0.009166157,0
45.37758055,20.45666799,41.02842377,-0.459151678,41.45172572,5.5,0.167811686,0
47.68106965,16.95186025,29.42327997,-0.42422923,44.65727079,4.02641579,0.029022441,0
46.84995257,15.30994275,21.90542728,-0.898692189,48.67175002,0.980689747,0.011289856,0
39.94241281,17.61786091,36.82372611,-0.399584928,35.43132465,5.5,0.06309372,1
47.82861877,12.77371719,19.63832843,-0.748866933,48.72809051,1.453750507,0.048329213,0
40.84914003,19.62366072,26.31720792,-0.381513672,44.11441259,1.140671751,-0.018372887,0
46.44774997,14.60641075,26.43424843,-0.462748038,42.55240588,5.5,0.04547548,0
16.14637534,14.14734723,15.65593531,-0.168186307,5.42872019,5.5,0.036733947,0
37.96453644,20.58178372,43.33392249,-0.439877708,33.86666377,5.5,0.032765454,1
37.91469074,20.32438721,41.85933899,-0.452554733,33.93160825,5.5,0.053581544,1
22.78187563,23.02874341,23.99172207,-0.164012738,11.79149245,5.5,0.033953989,0
38.47078765,16.52818021,37.23657201,-0.426441726,34.24380252,5.5,0.064148214,1
38.68263546,22.92948687,51.10914188,-0.4155783,34.34515481,5.5,0.04430032,1
23.60267891,16.60948394,31.31673918,-0.056197839,0,4.130993969,-0.109934272,0
39.77399545,11.71113661,28.79800421,-0.313121317,34.01724003,5.5,0.019182096,1
37.94289296,19.68044657,36.62049993,-0.447842913,33.91790387,5.5,0.042330124,1
38.18713555,17.04447415,38.81609818,-0.398317141,33.66168923,5.5,0.003410506,1
48.63673215,18.71559497,22.91353173,-1.959220314,50.63083693,0.5,0.040448065,0
38.4959,20.6806459,41.93514221,-0.437291943,34.37379607,5.5,0.045634039,1
39.04822596,20.20570137,38.1162137,-0.382933945,34.34098373,5.5,0.034311688,1
39.27152027,27.84755848,45.76960854,-0.452117462,35.28458549,5.5,0.032641595,1
38.81839371,22.86348001,45.21753638,-0.423522416,34.56227227,5.5,0.066242327,1
38.4694263,15.39484813,32.48049914,-0.452810126,34.48859033,5.5,0.035455955,1
38.7392265,21.46008989,47.28182918,-0.448637404,34.72136525,5.5,0.194064598,1
38.453721,18.73693498,41.02378282,-0.39609112,33.90284181,5.5,0.034534303,1
21.75709416,18.88153731,20.56810851,-0.174734141,27.4405921,1.265528894,0.057349029,0
47.39659912,14.89782167,35.82859463,-0.373238841,42.56708344,5.5,0.026419631,0
38.92844564,17.04582078,36.26251913,-0.420681251,34.64357953,5.5,0.031372641,1
38.89841368,20.53765058,43.17821,-0.436607797,34.76985059,5.5,0.086233665,1
47.26438637,16.65100456,32.58672793,-0.537400715,45.27482207,3.557042764,0.070685997,0
38.2530798,21.85601131,42.48922238,-0.44519436,34.20414522,5.5,0.019049586,1
39.54384868,15.88897171,36.08048525,-0.391584734,34.94059763,5.5,0.048001453,1
21.40980283,16.62040189,19.77803877,-0.062191732,0,4.143404445,-3.84E-06,0
39.43223931,21.91657178,42.59958846,-0.440445014,35.33964482,5.5,0.057496189,1
15.5505035,17.3184193,18.04684282,-0.228349868,32.65973432,0.5,0.013012922,0
40.06005212,12.44298888,27.99466168,-0.400032682,35.55401319,5.5,0.04964601,1
38.44618669,18.69226869,33.52471538,-0.441310715,34.36162047,5.5,0.011825887,1
4.850321999,17.54914909,23.11671323,-0.124170216,36.31431319,0.5,-0.006864144,0
45.64917957,15.35435887,28.25452641,-0.486378703,41.94309042,5.5,0.025717574,0
38.63360071,20.23138625,49.68757875,-0.445273118,34.58538229,5.5,0.131480502,1
33.71782919,13.09495416,13.80049464,-0.01,42.18009879,1.917671096,0.038659865,0
38.22619605,19.53547869,37.84708013,-0.455167627,34.26597847,5.5,0.042525816,1
37.93762966,13.98964625,27.70719359,-0.471883222,34.11769551,5.5,0.026494442,1
38.37463194,16.57455265,35.88630037,-0.440928755,34.28652742,5.5,0.042964818,1
37.77321725,23.79839052,44.91173124,-0.394948004,33.20916625,5.5,0.040468905,1
38.89417732,20.4438249,45.76894435,-0.48015545,35.14005386,5.5,0.061800545,1
38.04657207,22.93243973,42.63934372,-0.503962887,34.46979512,5.5,0.029546696,1
37.80877304,21.57332791,47.151647,-0.436758975,33.68163898,5.5,0.058554275,1
46.9035741,15.96103325,32.48453052,-0.423017962,42.64237719,5.5,0.025505844,0
47.33904959,17.97613973,26.54796639,-0.770035267,48.08628296,1.519530713,0.044555017,0
38.11948752,14.33707664,33.23944546,-0.475824198,34.33119167,5.5,0.061998857,1
37.83648208,18.06528229,35.60351459,-0.469049043,33.99346637,5.5,0.062739782,1
37.94656321,16.8915281,35.29682591,-0.458717101,34.01698912,5.5,0.016420811,1
37.92193575,22.77095997,50.21067353,-0.438287063,33.80919096,5.5,0.023309816,1
49.26769806,11.4753602,21.50343304,-0.48176969,45.52615335,5.5,0.05292143,0
37.86889364,17.16310211,33.9164764,-0.424880865,33.62638007,5.5,-0.001351778,1
24.37874605,22.72968447,24.14008239,-0.155008867,12.74997364,5.5,0.024241765,0
38.73162801,16.6002122,37.44822899,-0.409484019,34.32959337,5.5,0.038053989,1
39.75225787,16.63241088,33.6314424,-0.406933954,35.32263774,5.5,0.053458579,1
39.22008165,15.16224588,35.18350653,-0.383702285,34.52226538,5.5,0.015862505,1
14.34849918,17.61441045,19.63315674,-0.1088759,0,4.753298738,0.051574748,0
38.14928086,15.8177585,34.20359083,-0.408058572,33.73186886,5.5,0.027805576,1
38.06271011,15.46475828,43.75944687,-0.432567086,33.89558114,5.5,0.03220894,1
40.14387806,20.61628974,42.97628328,-0.430608219,35.95779253,5.5,0.134140971,1
39.0745714,20.01352086,40.86036655,-0.431731906,34.89938117,5.5,0.085239229,1
10.74699838,24.17555261,25.16653871,-0.281938082,24.60426296,0.5,0.014258589,0
39.05187623,18.87251548,37.03932056,-0.459841625,35.13191175,5.5,0.065341468,1
38.29578326,22.50505271,50.15777628,-0.415500809,33.95749367,5.5,0.086280901,1
37.5911126,23.27904563,48.41523395,-0.448134314,33.56874078,5.5,0.032140947,1
45.48364001,18.37179573,34.66218665,-0.663537489,44.96772897,2.383885073,0.039776267,0
38.52082169,17.74363645,39.45233369,-0.385023558,33.83912677,5.5,0.0063241,1
39.82971375,15.63575697,29.91895169,-0.426323404,35.60155545,5.5,0.0267265,1
38.54484346,16.85907397,38.91274767,-0.464109135,34.66092327,5.5,0.074142927,1
38.88963708,25.02961798,52.60093232,-0.43611152,34.75637585,5.5,0.100505433,1
38.3493054,11.77017921,30.82868438,-0.382272418,33.63391724,5.5,0.024624757,1
38.13097501,18.16832542,36.55099493,-0.439061624,34.02548562,5.5,0.023851676,1
37.94165369,15.32217916,34.86526268,-0.460120314,34.02406349,5.5,0.017408016,1
18.4453523,19.31293253,20.44022716,-0.01,41.69368377,1.784249379,0.060979911,0
48.61433706,16.79020203,23.4699603,-0.751945065,46.21713689,5.5,0.155762694,0
38.34051464,16.20302856,40.2194948,-0.427630948,34.12528456,5.5,0.024429441,1
39.612229,23.46134259,50.61616246,-0.412631547,35.24377281,5.5,0.088096367,1
46.3014274,21.26390165,37.00781548,-0.798043488,47.1673732,1.442460663,0.033449506,0
18.81114915,18.83864876,21.77077109,-0.14134396,6.058125672,5.5,0.038421824,0
47.26205819,19.54489966,30.81776702,-0.733410535,48.24779351,1.422178845,0.027333435,0
37.87826949,23.77254604,53.95901691,-0.431983918,33.705515,5.5,0.058841494,1
38.71503039,22.29752473,42.36747089,-0.416486627,34.38700947,5.5,0.062412452,1
39.53811122,15.19480229,34.11968742,-0.421110999,35.25761786,5.5,0.111130363,1
39.72927978,15.52491614,33.92228595,-0.411903848,35.35310596,5.5,0.080801099,1
49.62301152,22.84231667,28.05549116,-0.739217278,47.18453654,5.5,0.067752994,0
39.58622737,14.80373136,31.79086723,-0.40070192,35.08771428,5.5,0.028082677,1
39.12796112,18.85950232,34.7613311,-0.442955909,35.05856549,5.5,0.025711359,1
32.58370813,21.48982192,22.87990214,-0.186092295,22.89731658,5.5,0.024040636,0
38.7916401,17.62971796,37.53836226,-0.442046086,34.71386882,5.5,0.059902622,1
49.56338952,15.9087689,17.78139439,-0.692282245,46.95959194,5.5,0.081647338,0
49.08171474,21.48257282,25.89829806,-2.053739297,50.98404509,0.5,0.079958964,0
38.79684617,20.81160176,39.64598229,-0.415176666,34.45516952,5.5,0.049233057,1
42.71020235,17.41604319,33.02764898,-0.472108507,40.13230147,3.874630162,0.003635118,0
39.78006296,11.51973407,26.57618907,-0.387961815,35.13382519,5.5,0.057174707,1
48.54434843,20.03646754,22.96732222,-2.100934083,48.72585145,1.662199221,0.077582314,0
16.43168732,14.81882255,17.21398907,-0.139434777,3.504045662,5.5,0.035800681,0
38.39070008,18.51472214,33.46692961,-0.437844426,34.27379753,5.5,0.019592165,1
46.12661173,20.49186227,35.15075184,-0.643640477,45.86137258,2.180634108,0.044952878,0
19.41732188,22.77697342,26.14498627,-0.092832722,0,5.5,0.001876304,0
38.10127493,16.448658,41.09278163,-0.412912999,33.73579638,5.5,0.0379596,1
38.28720843,24.35077276,45.46890487,-0.436346828,34.15617614,5.5,0.052821774,1
39.73722906,13.86299312,32.90421975,-0.424077441,35.48667795,5.5,0.048899134,1
49.32297023,18.22154486,22.96153094,-0.95185313,47.42922971,5.5,0.145609644,0
38.33035626,21.10353197,38.14520187,-0.432726316,34.16476066,5.5,0.034605991,1
16.56327052,20.04004345,21.46611072,-0.274699883,23.38602493,0.900013574,0.036807661,0
1.421301324,19.0067933,20.80935619,-0.131468442,0,2.198780946,0.020110824,0
38.29268078,22.04235494,46.24766003,-0.439933901,34.19533153,5.5,0.037686145,1
18.69597197,21.71485078,22.96214606,-0.151720032,44.44662959,0.5,0.036965434,0
38.76754709,23.97882788,49.64707654,-0.391996118,34.16912697,5.5,0.034312349,1
39.5238803,17.55975382,37.20231417,-0.404782585,35.07071728,5.5,0.078056278,1
48.40817045,21.53952023,38.68583902,-0.594851826,47.70582088,2.480853264,0.016723484,0
37.9517042,16.49242252,35.07757678,-0.423499138,33.69534881,5.5,0.044300247,1
38.07861779,17.10006919,34.31529647,-0.450074909,34.07358929,5.5,-0.011490051,1
49.79799599,16.2225586,17.79621578,-0.638554767,46.975117,5.5,0.070263646,0
38.25874895,15.36824028,31.97941002,-0.408651008,33.84774102,5.5,0.01487093,1
38.41719355,22.96399234,49.73644172,-0.436515235,34.28775501,5.5,0.041919817,1
49.64483815,21.39567459,24.02397155,-0.881353882,47.59961787,5.5,0.054271083,0
39.28740201,22.91883015,48.6271628,-0.413311068,34.92612795,5.5,0.071535479,1
38.08943563,17.98607011,39.1954596,-0.399662256,33.5792203,5.5,0.013296728,1
37.60603259,13.45366131,28.85342244,-0.410412982,33.21396188,5.5,0.028186925,1
47.68590058,22.88208422,38.26424286,-0.683380568,45.04818608,5.5,0.162093111,0
38.78543476,22.40475378,47.73824634,-0.42841081,34.57787792,5.5,0.05444183,1
38.30620087,17.56826874,36.64252353,-0.405504998,33.86097122,5.5,0.008465379,1
39.10012918,23.40469279,49.4532193,-0.418952194,34.797579,5.5,0.07626162,1
17.49318306,19.68824556,21.68215821,-0.129458976,3.569368058,5.5,0.056506517,0
21.26125531,21.75873191,29.21047401,-0.054856759,0,3.762058719,-0.032626642,0
40.34274155,16.28567414,32.44140665,-0.434014825,36.18951283,5.5,0.060895826,1
9.788136043,22.64620443,25.54057053,-0.14264915,0,4.305014741,0.048414409,0
39.36977515,21.97097723,42.00990698,-0.396002227,34.81787439,5.5,0.078023406,1
39.00114222,15.07502594,27.90014832,-0.447667522,34.97457619,5.5,0.036394313,1
43.25970587,21.06794611,39.39697564,-0.567762473,43.13192097,2.074300875,0.018467742,0
47.13421787,19.95148042,28.60114867,-0.689930642,47.30357149,1.887498183,0.111549918,0
48.49808946,22.01141902,41.57342193,-0.618905283,48.12302939,2.250730905,0.041385984,0
46.12947645,16.47851722,19.47647384,-0.479634366,42.37127445,5.5,0.022263442,0
49.36931227,23.18076191,25.05644592,-1.062972358,47.67353644,5.5,0.079200312,0
40.44601462,16.0826188,33.84357655,-0.438599673,36.33620116,5.5,0.063431121,1
46.16057763,21.76147104,40.41048481,-0.392509261,41.56816921,5.5,0.027368064,0
40.48377061,20.08046097,39.7707986,-0.398438694,35.95970489,5.5,0.0750417,1
38.19252638,17.91008109,34.65061164,-0.43630908,34.06113668,5.5,0.024315219,1
39.07859266,24.90985209,52.62269587,-0.421957229,34.80668377,5.5,0.079401808,1
20.01114706,23.54498011,24.53825692,-0.211095429,11.4720572,5.5,0.031981544,0
17.85894812,21.43706911,22.66955612,-0.32632613,23.23148958,0.939857613,0.030275499,0
38.70353603,16.15456426,32.56979558,-0.432629194,34.53700529,5.5,0.04834322,1
45.45224858,15.21895367,39.205007,-0.517439432,43.21044582,3.748289442,0.044014873,0
48.61382112,20.69264794,29.35035082,-1.922143687,50.6463906,0.5,0.030940029,0
38.16730593,19.32217108,40.65933982,-0.46270567,34.27160515,5.5,0.031116937,1
39.54374821,17.28864993,35.5521868,-0.413562053,35.18512095,5.5,0.0212101,1
38.88080781,16.29605304,35.43521136,-0.429929563,34.68811442,5.5,0.011646025,1
19.86710481,23.98815744,24.98791333,-0.200923825,10.89573052,5.5,0.03265775,0
39.2755063,16.71405237,34.14819597,-0.434654516,35.12838998,5.5,0.070499309,1
39.18051838,15.06747919,41.98754185,-0.41450936,34.83185219,5.5,0.244129984,1
49.30780781,18.73312881,36.45973835,-0.406208342,44.87027502,5.5,0.05493303,0
39.19402267,16.01892945,37.05595335,-0.338676564,33.87165014,5.5,0.03265799,1
47.99025924,20.8382116,42.41849804,-0.395412458,43.43156919,5.5,0.037359892,0
19.02181073,16.13078773,16.66911882,-0.411194908,14.63809195,5.5,0.008374557,0
49.9506962,13.1526993,18.19177958,-0.69712319,47.36497984,5.5,0.026157611,0
47.96566934,15.00017006,25.7686647,-0.862245604,49.15440659,1.248699697,0.063865028,0
17.0640887,17.09623361,17.81105899,-0.01,41.29311369,1.775843258,0.038939885,0
49.52657434,21.65933258,25.40989392,-0.373028914,60,0.5,0.010661061,0
21.73923996,20.06942872,24.35283818,-0.130027328,7.876286165,5.5,-0.022047767,0
38.22151952,20.95926321,42.57485591,-0.440253689,34.12714648,5.5,0.058337375,1
18.69896537,18.71708509,19.67080592,-0.35616634,29.6682518,0.5,0.018534012,0
37.84641102,15.35781629,29.96530602,-0.452275034,33.86086528,5.5,0.00045459,1
38.44751702,22.27993617,47.97803734,-0.417106417,34.12592722,5.5,0.065737303,1
22.19762896,14.48298249,16.0789308,-0.15734443,16.85161905,3.125617088,0.055976873,0
40.00292134,13.71943565,30.73708768,-0.41841982,35.69489683,5.5,0.050266344,1
38.24784432,22.69276096,48.4931022,-0.446594228,34.21160129,5.5,0.035741698,1
37.81372459,15.50147426,32.84561213,-0.443554765,33.74982318,5.5,0.026837167,1
48.94544102,16.94904865,18.09834578,-2.706701103,50.38885514,0.5,0.051768229,0
38.96588066,17.58106859,33.93930135,-0.434200941,34.81443219,5.5,0.081486743,1
39.79372748,18.22807651,35.39406721,-0.407300406,35.36809272,5.5,0.089202146,1
49.37204241,19.40519655,38.51972553,-0.416322892,45.04231932,5.5,0.057686159,0
38.10888575,24.22782618,51.26609544,-0.426523608,33.88271209,5.5,0.003943502,1
38.4270555,24.13858375,40.62580813,-0.478528625,34.66016938,5.5,0.017484421,1
39.23520468,18.98635697,40.96004431,-0.40574227,34.79257455,5.5,0.087709021,1
38.90054193,21.77528099,46.85745074,-0.422026945,34.62933874,5.5,0.072844149,1
38.76299378,18.61117055,38.17183878,-0.404668306,34.30857319,5.5,0.077524574,1
15.64245518,18.56275905,21.25526563,-0.300420484,28.64719619,0.5,0.040024736,0
38.90762316,21.36331776,46.71882218,-0.39771298,34.37530229,5.5,0.06524343,1
39.33563454,15.0144596,43.19545565,-0.414133779,34.98302452,5.5,0.193778037,1
21.38784848,21.74083076,28.34146312,-0.125644871,26.35904159,1.486056316,-0.046527915,0
20.60564743,20.91864892,21.75627837,-0.291956132,14.43155947,5.5,0.02623411,0
24.08113857,16.76837408,17.50743459,-0.240889652,16.59819847,5.5,0.031494157,0
37.97781719,21.72749392,41.14126631,-0.410420507,33.58582701,5.5,0.019169736,1
39.45028409,16.75850788,33.12872316,-0.426601095,35.22487807,5.5,0.080475624,1
48.21279518,16.22194455,23.5393144,-0.472814577,44.40038558,5.5,0.052091114,0
49.37381246,16.48648918,17.04239839,-1.356767187,48.0452405,5.5,0.024497744,0
49.97472089,15.87042756,23.75337503,-0.518721244,46.49970834,5.5,0.068186892,0
41.91615925,13.10055107,42.68218254,-0.453505435,37.94142665,5.5,0.030394237,1
39.55921315,19.51954921,44.42982423,-0.432122335,35.38779527,5.5,0.127777536,1
17.9103255,18.56218308,20.23560613,-0.147691367,5.70539519,5.5,0.048732837,0
38.20619191,18.73883219,35.2631831,-0.420500952,33.91948856,5.5,0.03472649,1
19.0574746,22.46999024,24.64174749,-0.270731591,30.01297391,0.636994938,0.045935202,0
43.35291826,17.32798111,32.90537723,-0.505372436,40.90151301,3.924270668,0.015720628,0
37.99544095,13.10016931,27.5427868,-0.436120024,33.86226032,5.5,0.045381938,1
24.73307963,17.81593692,18.50652934,-0.203614128,19.83932423,3.412090649,0.026225414,0
24.72455093,25.57514403,27.12005853,-0.115262979,9.085853649,5.5,0.056670801,0
40.08438635,18.33707572,36.78949896,-0.40872418,35.67416811,5.5,0.098456253,1
4.47261073,19.7032749,20.8595073,-0.217956455,22.3977077,0.5,0.015519723,0
48.73013752,17.26126696,30.01405076,-0.522923374,45.28304961,5.5,0.020236091,0
49.95905225,14.53922705,30.61215746,-0.610699632,47.00741655,5.5,0.0958537,0
39.87317063,20.74251829,38.21618195,-0.432257905,35.70306103,5.5,0.058793266,1
49.07110098,15.92612579,28.89332911,-0.613075031,46.13090158,5.5,0.062403219,0
49.53167818,21.23896558,28.4096284,-0.953137523,47.64048956,5.5,0.131950057,0
47.9502285,15.39735544,27.06876084,-0.908073974,49.20184658,1.192304006,0.012771867,0
40.39287258,20.40368309,38.56018269,-0.430747457,36.20814018,5.5,0.118933573,1
48.02081094,20.44354173,26.62468673,-1.863615236,50.11721503,0.5,0.031734628,0
45.35936319,17.02047449,51.24464174,-0.672486455,46.25064175,1.503090907,0.056024135,1
38.41796897,16.02309815,33.44370517,-0.420496765,34.13122294,5.5,0.034688878,1
27.38803145,23.13125846,24.6895718,-0.113352596,11.4857681,5.5,-0.014085575,0
38.32711272,17.31151802,36.42014298,-0.456750096,34.38061583,5.5,0.029506865,1
37.70214299,18.89736458,37.50692922,-0.423677257,33.44757703,5.5,0.007841966,1
38.89113803,17.44913002,38.18864161,-0.422739541,34.62713463,5.5,0.0714226,1
48.94673703,20.88264119,32.61679026,-0.614237161,46.01210046,5.5,0.07809614,0
47.22194472,19.84541861,35.21365452,-0.762979993,47.34109199,1.911736284,0.139355914,0
39.34114558,17.50476301,37.13179678,-0.425508117,35.104886,5.5,0.079290077,1
38.10139584,15.93001121,28.93703052,-0.468383476,34.25291926,5.5,0.009678616,1
46.09332727,21.27020576,40.63202064,-0.769195289,47.22926981,1.331520151,0.039960349,0
38.32926003,14.07052242,34.93583823,-0.451916168,34.34054936,5.5,0.027326671,1
23.81676007,15.07419031,29.95699231,-0.057535051,0,4.239341355,-0.123630376,0
39.57344658,24.59930787,44.20921022,-0.421465055,35.29654908,5.5,0.037910158,1
38.30459635,19.97660512,38.60584504,-0.466643903,34.44177328,5.5,0.040345564,1
39.1185569,20.6042016,42.87115975,-0.443092304,35.05041394,5.5,0.020171627,1
20.48716073,19.62246414,20.72945935,-0.145542132,8.101999079,5.5,0.037294249,0
49.26967645,26.50112031,32.50476657,-0.720146467,46.76662614,5.5,0.038365083,0
38.15475614,15.94856151,34.75013251,-0.444564211,34.10008239,5.5,0.046129311,1
18.97636105,17.33728773,25.24355497,-0.122215377,30.38487443,1.075607774,-0.058290956,0
38.47789459,16.4877058,33.4880206,-0.386657374,33.8159821,5.5,-0.01084147,1
35.82811097,17.55354408,18.54822825,-0.081139986,13.612642,5.5,-0.007741309,0
37.5310619,16.61415685,36.65778976,-0.429642142,33.3355637,5.5,0.02982937,1
37.80252405,21.67989671,43.85452204,-0.466373262,33.93745934,5.5,0.060630855,1
47.30405053,18.64161493,32.9416367,-0.645814744,47.04072231,2.179898935,0.052364899,0
38.72505317,15.93560241,32.10229913,-0.438723743,34.61640196,5.5,0.020865132,1
18.85107762,18.85688859,21.20012458,-0.183791966,9.043451792,5.5,0.071016961,0
38.67692152,15.57326402,32.19802685,-0.480687977,34.92695705,5.5,0.019074611,1
45.93310613,21.77353061,36.95028941,-0.558125404,45.45971229,2.288503765,0.074341656,0
23.78818819,18.4317588,20.19737352,-0.214767778,15.39510963,5.5,0.02506558,0
0.509645915,13.80270437,14.69958573,-0.01,38.48248355,1.663448286,0.0469314,0
48.65841841,18.2488209,29.68105425,-1.058897781,50.44120543,0.895708796,0.027427104,0
38.97937046,18.03880723,32.00539272,-0.429106773,34.7786378,5.5,0.019663353,1
39.00238537,21.06932337,49.91018275,-0.458592591,35.07174439,5.5,0.155370363,1
17.89913094,24.44754105,25.82170736,-0.154931489,6.26455071,5.5,0.040455768,0
38.1454338,21.72599147,39.01681508,-0.46537826,34.27210539,5.5,0.0477102,1
20.67510155,18.47816731,19.65564514,-0.093824264,35.92346093,1.060528534,0.03702461,0
38.33447804,27.03954194,50.71672573,-0.443600294,34.27099373,5.5,0.12641572,1
38.17523705,18.58146183,39.60851642,-0.458588245,34.2445588,5.5,0.041694194,1
38.66787743,19.52535503,34.85094321,-0.444891534,34.61618685,5.5,0.026540652,1
43.48732951,23.7648674,48.98202231,-0.519582208,43.97238945,1.76754843,0.031863484,1
38.04556774,23.40976745,50.44677235,-0.431559333,33.86870793,5.5,0.038355025,1
6.758157852,14.34470949,15.37458138,-0.150387474,0,3.451038994,0.013709921,0
47.56470721,18.86607349,30.54166673,-0.65129828,47.79555867,1.856778572,0.130163192,0
38.25287514,22.21679326,44.58104305,-0.404077286,33.79193933,5.5,0.020785829,1
47.61476348,14.15854545,16.42747857,-1.038424681,51.37708796,0.5,0.104025302,0
38.21418911,14.10871433,36.03155512,-0.453803746,34.24206933,5.5,0.060831546,1
47.27474048,19.46150343,34.36639985,-0.709521228,47.14872323,2.092079528,0.047353136,0
36.58199143,24.03058984,43.11348586,-0.412944542,32.21684635,5.5,0.004192881,1
15.89989581,20.20268188,21.59035019,-0.232767196,23.92458252,0.902030147,0.033992155,0
21.61047908,18.89724736,20.6033347,-0.158393219,10.23017604,5.5,-0.002164259,0
23.24291376,17.841267,20.1065068,-0.077556881,0.001096713,5.5,4.95E-05,0
38.97510294,14.3374821,30.21916541,-0.429046724,34.77378234,5.5,0.057194341,1
38.16309183,17.22987149,32.15852394,-0.453820522,34.19111888,5.5,0.01498699,1
33.335313,19.53695995,20.89192392,-0.114085514,17.53521027,5.5,-0.008362611,0
46.38222619,16.78440118,30.80213952,-0.511359203,42.85718386,5.5,0.073295243,0
38.51578426,20.20418146,36.52871257,-0.392517842,33.92347622,5.5,0.026417645,1
39.11818602,18.99074524,38.32493166,-0.417885362,34.80465173,5.5,0.016967775,1
14.08286769,16.95931365,17.87577808,-0.255853193,29.35291594,0.5,0.021071624,0
43.27518055,19.60692307,38.13974053,-0.369816475,38.40097143,5.5,0.031264739,0
39.39900992,18.50828211,41.03494888,-0.443632598,35.33582149,5.5,0.059044504,1
21.05762356,12.59640928,21.38779251,-0.061563629,0,4.058676377,-0.07280139,0
14.95551768,14.72872794,19.06059657,-0.156774325,13.64322812,2.220254762,0.02785087,0
38.32065989,16.68552472,30.53531131,-0.479341644,34.56016284,5.5,0.010694566,1
22.85506482,16.01802632,17.67432449,-0.204644169,14.04678632,5.5,0.063266728,0
39.29769865,13.99482896,39.94755591,-0.393557776,34.7175253,5.5,0.054281114,1
44.90646925,15.0248574,25.18919211,-0.673852631,44.68008619,2.160431624,0.023318503,0
38.90437024,16.74001225,33.7644061,-0.430654397,34.71873357,5.5,0.033971985,1
46.27981201,20.9033672,38.67727434,-0.615752522,45.3893203,2.660517537,0.059976531,0
48.69838456,11.85462923,27.32217826,-0.460593219,44.78481666,5.5,0.026198336,0
38.82209273,20.69181776,42.75986218,-0.41718875,34.5013558,5.5,0.07914577,1
38.87220565,14.68215821,35.39573295,-0.408933295,34.46424264,5.5,0.048506487,1
7.818435745,15.90504648,16.26835477,-0.01,42.16255489,1.692167197,0.016739975,0
38.29512994,16.95082163,35.1010188,-0.376729949,33.51036875,5.5,0.040584061,1
39.20828253,14.96260652,31.45853497,-0.38592912,34.53757295,5.5,0.015870157,1
38.06920449,22.50545221,41.75958133,-0.419958136,33.77696038,5.5,0.014134634,1
46.74454635,22.91487843,40.51505484,-0.353101696,41.63960673,5.5,0.06439057,0
39.78265758,10.61192988,22.37789462,-0.425668712,35.54799625,5.5,0.054751144,1
37.50538674,23.9808457,45.74865346,-0.483406094,33.77650773,5.5,-0.009242547,1
38.02373801,15.33455376,31.45495439,-0.434173839,33.87203039,5.5,0.035122326,1
38.85828306,13.26683848,35.92962251,-0.413597515,34.50002951,5.5,0.06865702,1
40.595103,18.86877829,36.72028474,-0.435887614,36.45971861,5.5,0.106019352,1
21.49221862,13.8456003,46.83544497,-0.034857577,0,2.96952413,-0.181861553,0
40.29672456,21.80315724,43.99920089,-0.491502359,36.62926945,5.5,0.060694572,1
39.08701468,19.52524501,42.31239624,-0.418294248,34.77769691,5.5,0.031519854,1
15.72446712,17.42571833,18.56164063,-0.16105895,4.532522606,5.5,0.025464009,0
40.23515688,13.11442374,34.33507372,-0.404782341,35.78199117,5.5,0.135007799,1
39.56374604,13.37484598,29.04264202,-0.401923095,35.07890091,5.5,0.060097961,1
37.92579484,18.28351603,37.42972515,-0.466978979,34.06574349,5.5,0.074131271,1
19.08380204,13.31304215,13.77859875,-0.192282381,9.709241396,5.5,0.014586596,0
40.43528936,22.34416184,44.10370845,-0.404034695,35.9738833,5.5,0.037860998,1
40.33385306,18.07947982,36.90456259,-0.412784286,35.96701329,5.5,0.105763397,1
46.40050085,14.11811095,16.34884577,-0.534617147,43.43955172,4.813074191,0.020033854,0
39.1383207,21.09254478,44.64769166,-0.431818804,34.96397067,5.5,0.132220529,1
22.4615808,19.57698524,21.42603549,-0.150213279,10.46155755,5.5,0.025880432,0
38.78327824,20.39614741,39.24896527,-0.42446556,34.53661371,5.5,0.031518532,1
38.30426661,18.71434666,38.82601311,-0.430765467,34.11970918,5.5,0.039022407,1
38.66620229,17.82206773,42.1435786,-0.409519238,34.26454623,5.5,0.044512099,1
22.63386635,14.99791917,15.61454927,-0.26148044,15.74018498,5.5,0.023945286,0
38.46465735,22.03110174,39.91755151,-0.368968521,33.57924645,5.5,0.038221064,1
41.24467269,14.7498838,31.1153219,-0.419886097,36.95169217,5.5,0.047044735,1
20.84162006,21.54242738,24.50457736,-0.200287096,28.61473104,1.010626739,0.001222765,0
39.36680437,14.00176772,34.47230265,-0.44421201,35.30891581,5.5,0.127868141,1
38.2386598,23.64440049,48.82577331,-0.435370237,34.09836108,5.5,0.012314606,1
46.80987645,12.92504713,15.4842369,-1.24700074,48.75725426,0.747884334,0.018541298,0
48.70529093,17.13064926,24.96956657,-0.547162425,45.41090748,5.5,0.028967223,0
40.5211143,19.91857809,37.57300167,-0.487473258,36.82334666,5.5,0.046465522,1
14.31879103,23.72938634,25.90590577,-0.258812575,29.41423447,0.5,0.051965863,0
48.49441718,21.71652376,38.29649382,-0.629312601,48.00666368,2.340075435,0.049645429,0
49.53264943,20.61157496,33.93416347,-1.46491485,52.19962397,0.5,0.088768583,0
19.7808467,21.11972584,21.89171098,-0.488249995,26.16060281,0.611150706,0.024934478,0
39.96908798,12.71345952,33.04112292,-0.427359892,35.75118436,5.5,0.099755435,1
7.918511407,14.11004536,15.21983922,-0.110024763,0,3.178768656,0.021023093,0
48.29720212,18.4638093,21.60490568,-0.550114593,45.02049785,5.5,0.069306222,0
24.96699125,21.78432396,22.2593773,-0.156273515,13.43232502,5.5,0.021297665,0
33.13343169,24.9982272,25.49669278,-0.232425953,25.37800329,5.5,0.019888989,0
13.89941726,23.28073154,24.87785693,-0.114600007,0,4.841866342,0.040477194,0
23.55707085,14.04277821,15.04308651,-0.209866927,14.96799555,5.5,0.038739742,0
22.20962124,12.80738694,13.59070878,-0.154894056,10.57222928,5.5,0.028076208,0
18.23777936,9.694155725,11.26841995,-0.156283453,14.2312977,2.775338996,0.023187011,0
38.69880574,20.49758441,39.53488998,-0.421609773,34.4233763,5.5,0.04980826,1
38.28443093,23.52833215,48.71980699,-0.446184028,34.24447718,5.5,0.076134884,1
37.3213323,20.64729482,41.47564319,-0.456489348,33.37258115,5.5,0.005876058,1
27.79271021,17.74314683,18.96064946,-0.01,41.78006055,1.866313655,0.070077665,0
37.51267879,21.47879964,49.72842038,-0.462656559,33.61656449,5.5,0.031678457,1
39.21616922,17.28892707,35.5004015,-0.396029465,34.66458154,5.5,0.05005935,1
38.61303513,11.4416885,23.86187411,-0.436143592,34.48007785,5.5,0.036962005,1
16.6383287,16.50267369,21.04543656,-0.149726742,14.15572915,2.421065006,0.016464276,0
48.43025528,22.72429642,24.49900463,-1.186892398,46.91153055,5.5,0.067499769,0
39.02171647,20.36057002,40.12492162,-0.386889357,34.36259932,5.5,0.066533725,1
39.0504403,11.39897405,27.38223701,-0.334979515,33.66932667,5.5,0.033519625,1
39.21088191,24.07791207,41.95087575,-0.448790618,35.19439234,5.5,0.034837645,1
23.96007479,18.31712418,18.65083502,-0.348532387,18.78820869,5.5,0.01445894,0
49.74783555,16.22844982,17.10666432,-0.99501069,47.93623407,5.5,0.040983527,0
38.0434347,17.23449969,35.65364321,-0.434227022,33.89223557,5.5,0.018024197,1
39.53646048,18.77402937,39.32617627,-0.391240504,34.9291593,5.5,0.08908858,1
19.59722054,11.05669329,13.96845417,-0.106463692,2.665975617,5.5,-0.000810174,0
37.75084907,20.15159983,40.32672243,-0.461908359,33.84842384,5.5,0.042453393,1
38.66579801,19.94196082,37.01744102,-0.444518246,34.61070499,5.5,0.028293614,1
49.63690698,19.67120804,30.10462961,-0.488544794,45.94724973,5.5,0.046449581,0
40.08885038,19.49809521,37.34477784,-0.43815522,35.97486804,5.5,0.022276407,1
49.98277436,23.69502767,26.07708245,-1.053626688,50.42307808,1.599327916,0.110600022,0
37.44130947,21.42460547,41.93472763,-0.436758451,33.31417047,5.5,0.053922655,1
38.07455639,23.45279765,53.23029769,-0.438111594,33.96016439,5.5,0.020217929,1
39.22041391,20.07118015,40.39676286,-0.436552201,35.09132503,5.5,0.070567183,1
45.80640895,20.43900023,36.89946374,-0.660801505,45.37812195,2.311010316,0.079407249,0
40.98088137,16.05611433,35.56380346,-0.410513381,36.58988483,5.5,0.07596894,1
38.06725233,13.90973227,29.93297174,-0.397141486,33.52840938,5.5,0.035630629,1
38.57435507,19.85174996,37.75957579,-0.443579038,34.51067603,5.5,0.009443404,1
9.433333065,18.11434628,22.99682004,-0.189603865,30.03887608,0.5,-0.045768477,0
28.04340609,20.18279844,21.33102189,-0.23250338,20.29056035,5.5,0.031304246,0
38.05884945,15.60417422,33.35976911,-0.421568918,33.78300567,5.5,0.034478087,1
38.43815398,14.93326416,37.19929214,-0.42197771,34.16645242,5.5,0.03464656,1
23.10889229,22.29981048,24.84206972,-0.166504911,12.28300836,5.5,0.053430771,0
48.62172298,14.61140866,15.43255187,-1.29682032,47.2317364,5.5,0.028716656,0
35.52748122,14.7997917,15.87092093,-0.01,38.74423288,1.968168011,0.06264334,0
46.99618902,15.61481622,26.75117048,-0.586257948,47.12042532,1.928869391,0.017034854,0
48.30959776,20.74008426,35.83278169,-0.492257711,44.64777023,5.5,0.036072401,0
49.08030563,18.8658307,20.14219484,-1.343361625,50.54186214,0.872325598,0.057858798,0
20.44413885,17.56201771,18.0689981,-0.118713336,5.259974214,5.5,0.017119688,0
37.76090401,16.9697837,34.94937741,-0.457058151,33.81706703,5.5,0.039202175,1
37.50402004,20.18244259,40.58430965,-0.429561739,33.30773654,5.5,-0.009892835,1
38.51512458,25.54271909,54.97762646,-0.42623217,34.28606125,5.5,0.053848687,1
24.024274,18.12272752,18.63982188,-0.204863636,15.22543163,5.5,0.020176684,0
49.92194446,18.36957923,22.72292826,-1.230822125,53.09615665,0.5,0.031857152,0
37.34931059,22.61389759,48.27491373,-0.394553441,32.78069542,5.5,0.031488183,1
22.1535397,13.77203946,14.7308449,-0.32246703,27.56707064,0.942422991,0.034602774,0
33.52725681,12.05656297,12.24330555,-0.552478184,30.26457081,5.5,0.002882813,0
20.14856281,20.32894654,21.96907126,-0.251502173,13.3652392,5.185217136,0.029922139,0
17.32723134,14.64858926,16.77673328,-0.160562235,12.99807497,2.882199101,0.059020319,0
46.13881593,18.33978909,32.90470469,-0.777854769,47.57124755,1.203291598,0.027671863,0
49.63932042,21.16176186,23.14800249,-0.591900972,46.59394134,5.5,0.039422852,0
24.29530536,25.59630502,26.9094102,-0.17078577,13.74077944,5.5,0.013478667,0
38.72732155,19.01508246,35.94578097,-0.426766247,34.50355069,5.5,0.017984398,1
48.1024404,20.44040361,34.53094829,-0.441470456,44.01935214,5.5,0.052521453,0
42.99153605,21.43350011,39.0936838,-0.441316817,38.90702631,5.5,0.042400656,1
39.55640355,14.16782643,29.74791879,-0.422293359,35.28789495,5.5,0.094084764,1
38.80483124,16.92585541,40.70805801,-0.419910378,34.51209896,5.5,0.023938569,1
9.765786177,19.34828026,21.26491329,-0.123475548,0,3.849410006,0.036362498,0
38.06113396,18.90137436,35.32769355,-0.445515371,34.01511679,5.5,0.043951575,1
38.9149541,20.89395263,38.25228574,-0.401767426,34.42837127,5.5,0.01905635,1
45.73523487,14.78866105,18.44495508,-1.106192369,48.7756679,0.571903323,0.064078057,0
39.62975779,17.14982998,31.64108438,-0.424175988,35.3801942,5.5,0.039530821,1
49.05860144,19.43319203,28.71514461,-0.560697601,45.84374403,5.5,0.095438178,0
19.04830742,20.74247679,23.01394999,-0.126128675,4.756848011,5.5,0.07020037,0
37.59999968,20.79921663,39.94925831,-0.446924078,33.56673559,5.5,0.059589122,1
47.65641359,21.33783857,36.82218077,-0.835778038,48.15042272,1.637785561,0.046265516,0
49.88528225,18.62057105,19.4428309,-0.360276244,44.8820025,5.5,0.032998773,0
47.71279871,13.11170693,15.25013669,-0.610544947,44.76041519,5.5,0.026758928,0
38.47100837,15.42740013,39.91441876,-0.401035817,33.97624068,5.5,0.046592198,1
49.64550412,19.88368959,30.31737782,-0.62836185,46.77683404,5.5,0.093336276,0
42.20835412,21.460328,38.49054712,-0.518710815,39.58766406,4.212077741,0.040326894,1
45.82949539,15.90912258,27.19952247,-0.656425418,45.8366232,1.995328269,0.04521591,0
37.85756949,21.24853897,40.04806182,-0.442908304,33.78773648,5.5,0.062911947,1
37.96782401,19.9231202,40.25780781,-0.491540552,34.30065386,5.5,0.052092127,1
46.70111778,18.32604869,29.3805962,-0.652095779,46.05338687,2.486907669,0.016997465,0
38.83023254,22.67701941,44.96655499,-0.425173217,34.59063615,5.5,0.06570032,1
46.78761037,16.52664772,29.43533186,-0.469687512,45.06379094,3.071063497,0.012701263,0
46.28017774,17.40094555,20.16273559,-1.161640425,49.6434307,0.5,0.026932585,0
14.0514451,19.18391111,20.60973559,-0.054718783,0,3.002158553,0.043672152,0
49.8079048,22.23126914,28.64726386,-0.582488231,46.7133138,5.5,0.015905423,0
38.72125995,17.60243999,34.09004948,-0.401003487,34.22612987,5.5,0.019477886,1
42.30980749,16.65009085,30.48641243,-0.489585158,38.62799074,5.5,0.028467541,0
38.30635701,21.65110909,41.71595085,-0.510301566,34.77400878,5.5,0.106327351,1
24.31683278,17.29046079,17.76877669,-0.36769162,19.41445607,5.5,0.02204375,0
40.23255666,15.9585777,36.25660926,-0.376789294,35.44854909,5.5,0.132634603,1
38.52548932,16.94344091,32.77604221,-0.40800434,34.10749014,5.5,0.045564012,1
39.04332058,18.20321514,42.87475555,-0.399562807,34.53198268,5.5,0.067978538,1
45.62857671,18.71123039,19.61621106,-0.01,36.64642052,2.092513938,0.046214605,0
37.49635068,17.51834777,37.66109481,-0.458936834,33.56865801,5.5,0.037349934,1
49.11561614,19.01945888,22.84631714,-0.869567093,47.04267335,5.5,0.071686574,0
38.15909431,25.75363732,47.05310385,-0.447628488,34.13217715,5.5,0.046540052,1
7.361028406,17.29421979,18.54350035,-0.01,41.15171989,1.696606162,0.066307923,0
38.7184348,20.63222071,37.71135277,-0.469290899,34.87739965,5.5,0.042538964,1
39.79904118,18.50053836,36.80749804,-0.450621348,35.79886932,5.5,0.111872442,1
38.82024489,19.18137803,37.24691803,-0.436025984,34.68617283,5.5,0.074936653,1
40.33241169,21.92160925,46.73568552,-0.446425237,36.29464077,5.5,0.057450309,1
39.24236803,17.77703528,39.40055099,-0.41758443,34.92572519,5.5,0.082626071,1
46.25239285,17.94698567,35.15299912,-0.455017695,42.43585948,5.282644487,0.063324546,0
38.62291763,21.71004075,45.39890259,-0.470486374,34.7916423,5.5,0.095605889,1
37.5586445,20.60823984,36.32928791,-0.442684224,33.48675141,5.5,0.003548223,1
37.77520494,17.36413937,34.4046139,-0.428215449,33.56572852,5.5,0.027274079,1
39.02543342,12.8304136,32.07389837,-0.42397372,34.77384246,5.5,0.041138787,1
38.01909501,20.30653871,42.13680049,-0.462861717,34.12470761,5.5,0.044582567,1
39.52598899,16.82638375,35.95721667,-0.45733317,35.58452365,5.5,0.086587994,1
49.12230643,17.53929309,22.05134671,-0.704673879,46.56429641,5.5,0.049441878,0
40.77645128,22.53245543,23.20275852,-0.163450568,29.74826793,5.5,0.032015075,0
38.07413359,17.27089823,34.29359808,-0.431569204,33.89736931,5.5,-0.007463513,1
38.50853062,18.92078847,39.73754565,-0.470058779,34.67377013,5.5,0.041388887,1
38.05035526,21.06858354,46.35125607,-0.410462464,33.65881402,5.5,0.028600352,1
39.12151344,20.20950065,37.8260726,-0.403576329,34.65504029,5.5,0.02903251,1
49.94873238,21.6850145,29.33780138,-0.692569546,47.34601493,5.5,0.051742439,0
39.07518217,18.73301194,43.22576948,-0.415184581,34.7335883,5.5,0.071299921,1
37.90798171,19.17751765,38.35863913,-0.448656019,33.89028718,5.5,0.073508629,1
20.93165025,22.02060592,32.05364467,-0.066148898,0,4.275376178,-0.056672462,0
39.8248059,13.56094557,29.29865589,-0.406311356,35.38839817,5.5,0.045466023,1
38.19537795,16.10268109,32.07973311,-0.422499301,33.92894998,5.5,0.035785188,1
43.24822959,19.61298115,39.56901021,-0.495514879,39.7640328,5.250168475,0.027957956,1
38.87295196,21.32688308,38.90049262,-0.434480803,34.72417754,5.5,0.056057859,1
49.40252187,18.12048659,32.71593381,-0.486994412,45.70111834,5.5,0.124066778,0
46.89525017,17.48834464,18.52529908,-1.575603499,49.3748655,0.5,0.021988061,0
15.04104239,19.33676929,20.13408084,-0.097731363,0,4.497887444,0.023028294,0
45.64304354,17.69905435,33.8247324,-0.611070065,44.89785805,2.530968199,0.034547561,0
48.86263752,15.88375074,21.17586993,-1.782955635,50.70737995,0.583156103,0.057708669,0
39.11356357,25.32958053,47.39348442,-0.398798119,34.59357526,5.5,0.027677779,1
38.40274946,17.30135552,36.63576038,-0.448080279,34.37989257,5.5,0.033032901,1
47.37306684,15.88933407,29.18587843,-0.602000843,48.07268379,1.631454581,0.063380998,0
14.2610195,17.74710092,18.89605413,-0.163574838,3.241214364,5.5,0.021161209,0
48.37968664,22.10209945,39.48833601,-0.55405831,46.28756865,3.746461773,0.051766055,0
45.94974457,12.34846974,22.57656633,-0.37187432,41.10250791,5.5,0.023077137,0
22.53632903,17.63382039,19.06213689,-0.217266219,14.23976619,5.5,0.053145659,0
40.0273104,21.8285554,47.13325933,-0.435538907,35.88861508,5.5,0.083067163,1
38.05746862,19.90990016,41.90002336,-0.432511112,33.88980036,5.5,0.016716427,1
38.47967854,20.67772335,45.45978384,-0.435121996,34.33701773,5.5,0.084607845,1
46.63515076,12.86300653,15.05127293,-0.623615115,43.74464539,5.5,0.027667831,0
46.94973049,16.10570551,18.50477405,-0.831811772,47.72190271,1.47426904,0.026131581,0
38.28277907,19.94045945,40.00789218,-0.491698522,34.61678709,5.5,0.043597101,1
47.08260321,13.17046084,37.86167505,-0.610121815,47.34588177,1.84748892,0.040163339,1
38.32636197,20.29362637,39.93352747,-0.454955469,34.36429764,5.5,0.029373211,1
39.11865403,20.89942223,51.42531715,-0.425120338,34.8785303,5.5,0.006473877,1
48.30643492,19.28016107,27.69812199,-1.634083989,50.69730994,0.5,0.030806186,0
39.18401335,18.28659844,35.09580997,-0.424969306,34.94238269,5.5,0.09803986,1
38.61233435,21.11923973,43.61794838,-0.442283835,34.53675507,5.5,0.063084829,1
18.81434058,12.62631231,30.44284535,-0.025520055,0,2.564722296,-0.030054195,0
38.62306694,26.42041974,48.85284954,-0.413132942,34.25991248,5.5,0.060586296,1
15.55651111,12.1209104,13.1173977,-0.131213214,1.818848739,5.5,0.026664187,0
38.67927568,17.07641207,38.63066656,-0.422455272,34.41240305,5.5,0.043772096,1
38.29862666,15.25000018,36.1063757,-0.378809379,33.54013087,5.5,0.019856948,1
37.87246027,23.47469683,46.45940536,-0.436270544,33.74070565,5.5,0.010929799,1
46.1688728,12.50976312,14.65841325,-0.56549964,42.98131491,5.5,0.022709374,0
38.51932533,18.69904463,40.15075088,-0.449546241,34.5095869,5.5,0.008072277,1
38.04613363,20.62806445,37.73295687,-0.431960211,33.87315013,5.5,-0.004502609,1
38.26101754,21.201038,46.1459593,-0.438281242,34.14821813,5.5,0.07552542,1
39.38482539,19.6169125,46.74053797,-0.435408804,35.24489339,5.5,0.116643135,1
46.07767746,21.02535145,35.65089332,-0.743838532,47.13632796,1.382355163,0.017110905,0
38.63916048,16.26236919,32.66079959,-0.409459046,34.23685735,5.5,0.003671499,1
41.7909704,22.14256199,37.84889987,-0.486302723,38.0843022,5.5,0.031334886,0
30.21450967,14.61115906,87.61206219,-0.024909933,0,2.975245569,-0.277588907,0
49.61698231,19.55388863,41.76530173,-0.437966011,45.50122265,5.5,0.034550527,0
49.24599324,11.52410325,13.1281983,-0.761991487,46.88039879,5.5,0.075423999,0
40.73592599,25.20973555,46.53174748,-0.458593779,36.80529518,5.5,0.067388925,1
18.09127777,12.58443662,13.58885121,-0.188066854,8.506585969,5.5,0.011103631,0
38.7846711,17.96907662,39.16256732,-0.454346199,34.81729371,5.5,0.081647585,1
28.32117923,12.67113281,13.00636208,-0.219411639,20.1057407,5.5,0.012397668,0
38.27217495,20.40435935,41.50435249,-0.448086165,34.24937091,5.5,0.070589121,1
39.66886759,16.23639048,41.41970642,-0.394364733,35.09806629,5.5,0.124165585,1
28.37690702,16.81438833,17.60416408,-0.413834352,37.81761819,0.5,0.011671549,0
49.40176838,17.07288169,18.00517496,-0.859879962,47.30547248,5.5,0.04384856,0
38.82759016,17.91550725,39.95821112,-0.440325608,34.73388586,5.5,0.08167345,1
21.71073932,18.32575199,19.55927369,-0.127821306,10.07434263,4.544845051,0.04197225,0
38.39665192,12.82375517,24.41064853,-0.425544879,34.16075831,5.5,0.024265777,1
47.43951375,21.96700477,39.51562091,-0.897197709,48.76703026,1.166116865,0.016132721,0
37.95951139,18.0925811,36.81610574,-0.44179012,33.87937752,5.5,0.017022235,1
37.76521465,19.06278855,37.51366874,-0.441310959,33.6806507,5.5,-0.022388673,1
37.99661341,16.90821054,36.77437163,-0.44214322,33.91973796,5.5,0.023700312,1
38.04382025,17.3984026,36.42114319,-0.464365093,34.16204088,5.5,0.031246825,1
39.34365389,20.03847103,39.83052848,-0.427730907,35.1294089,5.5,0.025181985,1
39.44762522,17.60511338,37.86031679,-0.423067684,35.18692911,5.5,0.148527609,1
40.35287407,19.88527884,39.01301977,-0.428043839,36.14171,5.5,0.051079934,1
37.78916984,14.59371352,33.07998132,-0.444576659,33.73460962,5.5,0.01019322,1
38.20276923,21.15312352,44.53156691,-0.449735578,34.19471889,5.5,0.050403701,1
37.72107219,17.37194466,32.96612702,-0.417355086,33.40205729,5.5,0.075213434,1
48.83519418,21.56633415,46.60156465,-0.420889903,44.55245225,5.5,0.084127206,0
38.92797433,19.35918162,38.53025539,-0.432298194,34.75825337,5.5,0.018990947,1
38.23194823,13.80221764,31.6515215,-0.427056725,34.01105032,5.5,0.069875623,1
38.73818711,17.05723391,34.10771271,-0.385947325,34.06769785,5.5,-0.010796853,1
37.97749485,15.68244798,29.11902841,-0.469155442,34.1353507,5.5,-0.004680699,1
38.09186822,25.17890339,51.53596604,-0.450669664,34.09212521,5.5,0.045092621,1
37.79836788,21.35788767,40.31928669,-0.443717061,33.7359529,5.5,0.016436727,1
48.96034427,25.09774705,51.71469344,-0.45141847,44.96723597,5.5,0.06060392,0
19.2305333,21.51008391,22.30944458,-0.234328107,11.53805944,5.5,0.022943137,0
37.72899656,20.69580616,42.45238747,-0.481445891,33.98493544,5.5,0.049438394,1
38.29906271,17.10992659,41.65374401,-0.406572761,33.86550737,5.5,0.015065784,1
39.29347065,21.69577203,40.04665687,-0.44444298,35.2376909,5.5,0.034447948,1
48.64903979,22.56846641,36.430784,-1.399159799,51.44135172,0.5,-0.017471073,0
38.95665729,19.60319081,41.04610091,-0.431967707,34.78374619,5.5,0.037168591,1
47.93892731,20.68113383,27.19218379,-1.543149782,50.47069101,0.5,0.019384855,0
39.72245039,19.4646066,41.13236757,-0.454544895,35.75680727,5.5,0.110880307,1
39.42999944,18.57449034,42.43421684,-0.419543474,35.13351303,5.5,0.192869105,1
24.8475549,20.33003984,21.00354489,-0.129330754,10.90993538,5.5,0.02740851,0
40.37615534,16.24839677,40.23603591,-0.367477628,35.47092384,5.5,0.078155154,1
39.07609712,16.7938663,33.15701433,-0.437111569,34.9522922,5.5,0.067295363,1
38.23398776,16.96006604,37.490242,-0.436029675,34.0999507,5.5,0.027397655,1
17.23326709,14.3282106,15.21520055,-0.190098633,7.751016708,5.5,0.023444407,0
38.04746229,20.2965287,39.12230759,-0.449422169,34.03661689,5.5,0.023956291,1
23.84990124,20.01932403,31.02244015,-0.075579697,7.24E-05,5.5,-0.08946416,0
37.99579796,24.52755597,46.34305122,-0.446616761,33.95975858,5.5,0.089551748,1
40.29080881,19.75960084,38.24862278,-0.431714779,36.11545294,5.5,0.096970465,1
38.27191321,14.29577388,34.72768782,-0.431633676,34.0957728,5.5,0.067810616,1
38.36347424,22.63308896,49.34204508,-0.472660422,34.54982124,5.5,0.10294283,1
49.97388843,20.4997894,27.38857265,-0.748131125,47.56446744,5.5,0.12276249,0
47.29301108,16.08476588,35.30518015,-0.416430774,42.96440967,5.5,0.083139912,0
13.16026152,11.0375383,12.46970657,-0.377641837,23.50575349,0.5,0.026320636,0
37.88778681,19.14525931,35.53383368,-0.443370052,33.82219233,5.5,0.036452184,1
4.964270404,16.52365093,20.67740936,-0.189396041,25.59242384,0.5,0.050066165,0
38.28362643,18.1781903,45.0040163,-0.390915764,33.67249788,5.5,0.031857922,1
39.61657441,21.19791912,43.81950467,-0.454166192,35.64762457,5.5,0.168678863,1
40.74478818,17.01512112,33.98638874,-0.485958054,37.03549101,5.5,0.041723133,1
39.10632125,15.52910605,32.53035464,-0.389404312,34.47729486,5.5,0.026590399,1
38.292352,20.17599917,41.61221288,-0.422119594,34.02208627,5.5,0.013122952,1
21.43436867,21.28051545,25.26786527,-0.146502775,9.13041857,5.5,0.00086339,0
10.14801905,19.05739819,22.83728326,-0.274540554,24.37866927,0.5,0.065522842,0
38.26702865,23.66877778,47.88452897,-0.407518036,33.84375734,5.5,0.022848843,1
16.12559138,17.66369159,18.28476244,-0.38160705,26.36358514,0.5,0.013942991,0
30.85623354,27.0902879,27.68848292,-0.01,39.87990737,1.912368098,0.035732503,0
47.08499915,17.19535084,26.8543943,-1.345993373,49.33324049,0.626337976,0.007882604,0
38.24556346,18.55279886,42.35986278,-0.45467591,34.28106304,5.5,0.008374081,1
49.60356855,17.77305548,25.94531903,-0.733834549,47.14720718,5.5,0.09975589,0
38.13665187,19.68243536,36.30007702,-0.432348248,33.96741366,5.5,0.019568084,1
43.55117198,17.32240277,31.32549843,-0.505845994,42.34726855,2.749508742,0.019159331,0
39.88678827,18.62841904,37.0280098,-0.402843647,35.41219161,5.5,0.072596945,1
38.13396298,23.155446,43.9178474,-0.416802596,33.80922304,5.5,0.054338387,1
18.49794533,25.17965885,26.78674197,-0.185149913,39.5991737,0.5,0.048002321,0
40.16601722,16.88818316,34.29873018,-0.429352256,35.96768633,5.5,0.066235617,1
16.41569827,23.18033284,23.8181037,-0.256899962,9.399103873,5.5,0.013877942,0
21.06595595,18.1825195,20.03001942,-0.21283896,16.10160202,3.531454398,0.036643275,0
32.3596097,11.07576378,59.65277562,-0.019779049,0,2.796477849,-0.153373165,0
38.69644956,20.43222174,38.97447348,-0.423576874,34.44087532,5.5,0.058833269,1
22.89245821,23.53616681,30.03542593,-0.094726447,3.863317974,5.5,-2.06E-07,0
46.74985605,18.61155569,30.94764018,-0.812351582,47.53628672,1.476552517,0.007450663,0
49.76061353,19.98716662,40.53365749,-0.414621931,46.08974968,4.640023863,0.063693546,0
49.69286151,18.30513598,23.40083826,-0.755566819,47.30715215,5.5,0.111981342,0
38.63175773,17.66116036,34.31283055,-0.442544111,34.55857544,5.5,0.017095017,1
39.97335658,15.92196666,39.26851435,-0.433842727,35.81848035,5.5,0.084586099,1
49.96575686,17.38617199,18.8571647,-0.66552542,47.25727604,5.5,0.021939745,0
38.57087677,18.40622287,37.78372796,-0.457923556,34.63449303,5.5,0.030473774,1
48.61496614,17.57439268,18.81548452,-4.564430133,49.47090883,0.5,0.020275085,0
37.6693834,25.92525431,52.94902379,-0.429091369,33.46849993,5.5,0.025915562,1
19.83194792,17.43989361,18.42481726,-0.127388075,5.681778581,5.5,0.03224826,0
25.78065462,18.96803234,19.41558939,-0.218965598,17.54848094,5.5,0.02042834,0
38.06653098,17.38469102,33.71988127,-0.430051204,33.8750235,5.5,0.039743958,1
38.99749881,21.77700083,47.09554899,-0.42414636,34.74763837,5.5,0.107068138,1
37.5509254,21.05788383,39.44336116,-0.487608427,33.85418282,5.5,0.039002488,1
38.28109074,27.28579783,48.3151448,-0.441770566,34.20077627,5.5,0.007259333,1
42.86007047,24.10513618,44.56508412,-0.475155989,39.06644715,5.5,0.036090198,0
39.2055853,15.43016548,31.2322673,-0.450282067,35.20239936,5.5,0.021054661,1
46.69972609,15.69223077,17.84855155,-0.655785771,43.95101925,5.5,0.042371872,0
38.88164453,20.27350443,45.89851535,-0.476410408,35.09801007,5.5,0.085251241,1
37.78003877,17.77273029,35.8396799,-0.415416482,33.44086852,5.5,0.030193596,1
38.99022615,16.86572324,34.34876574,-0.425966315,34.75852337,5.5,0.024139751,1
38.63748951,12.73942188,23.10032076,-0.447660673,34.61086188,5.5,0.02444054,1
48.08068344,20.94920733,23.21552668,-0.902783942,46.08401208,5.5,0.101782539,0
26.91839297,16.84465541,17.71845086,-0.238801551,38.01927411,0.698308935,0.032754369,0
38.04636309,22.79416354,47.3331358,-0.442224537,33.97023731,5.5,0.02330501,1
38.79603564,17.74103375,33.17657072,-0.418271806,34.48648665,5.5,0.044410006,1
46.02430686,11.75084378,23.91317123,-0.382742971,41.3147159,5.5,0.063776886,0
25.25962671,18.43443291,27.3054712,-0.064385195,0,4.940682362,-0.062561113,0
38.27483022,24.72380039,45.79856332,-0.419523685,33.97814115,5.5,0.028071726,1
49.33254328,13.57705503,14.27295793,-0.82993267,47.16060463,5.5,0.032707406,0
49.34500059,18.0899117,34.71703806,-0.445811881,45.30167444,5.5,0.045424497,0
38.1873609,13.87120854,30.3102943,-0.397390651,33.65136381,5.5,-0.005348856,1
38.44036142,19.62077791,37.87040936,-0.473276485,34.63167265,5.5,0.087155899,1
46.1978336,22.17320777,42.84901418,-0.701290198,45.45458426,2.621933026,0.139925124,0
47.93344063,13.00452723,14.93457809,-1.119733246,51.42256682,0.5,0.043292556,0
37.60957215,18.02342235,36.45968817,-0.454377459,33.64246771,5.5,0.023505747,1
29.22884384,14.48882458,16.96189483,-0.111664858,13.08622864,5.5,-0.01209154,0
46.40596285,15.44736517,19.62382221,-0.468054665,42.5547827,5.5,0.028498931,0
48.56470723,19.77245517,21.63771616,-1.462865876,47.3324939,5.5,0.089485121,0
38.66161284,16.05559285,35.24759127,-0.416283706,34.33148218,5.5,0.043825237,1
39.40483323,15.8003689,32.70304557,-0.459700496,35.48366532,5.5,0.113705355,1
37.4081338,16.76312583,35.16473636,-0.472131406,33.59020766,5.5,0.015817985,1
47.94250118,25.18033099,54.12444932,-0.477844646,44.1702232,5.5,0.094671366,0
39.25688553,18.4546097,35.01288064,-0.431495676,35.07940952,5.5,0.006367953,1
39.34147391,22.12545736,46.41863409,-0.426546314,35.11552522,5.5,0.104850373,1
37.69633237,19.76123064,38.90527101,-0.442748246,33.62502807,5.5,-0.016170339,1
46.94756386,14.33838513,29.86327319,-0.468038365,43.09624959,5.5,0.100011406,0
38.58425511,12.67449198,34.23919341,-0.427541916,34.36814724,5.5,0.153406885,1
38.11340931,17.67694149,35.26503579,-0.447928541,34.08918966,5.5,0.032368473,1
12.69036821,12.85915922,16.92527438,-0.139030644,34.00635426,0.637431269,-0.000857955,0
40.61422629,16.58218049,35.25332287,-0.387884543,35.96706293,5.5,0.037795214,1
39.5585786,17.83479035,35.40574903,-0.402466737,35.07979148,5.5,0.037661408,1
47.63269729,19.99507647,38.72467456,-0.495877797,45.3447041,3.693530724,0.105301276,0
39.19539005,17.45978897,32.33079604,-0.397386847,34.65934954,5.5,0.026832887,1
39.21603263,17.05369705,34.96399555,-0.410041213,34.8199798,5.5,0.091459638,1
39.82121425,26.18640211,49.99013637,-0.430324341,35.63236723,5.5,0.073037618,1
38.61376272,23.01410343,45.58605799,-0.406102067,34.17506866,5.5,0.081777116,1
37.93532961,19.94343345,40.5929002,-0.43449169,33.78665916,5.5,0.019900483,1
22.48938229,12.54093926,13.49585115,-0.114218879,6.707728256,5.5,0.033403631,0
38.93996163,21.74275131,46.3351726,-0.417207158,34.61941534,5.5,0.098324125,1
46.59339462,23.18060856,41.53232354,-0.732327595,47.27671861,1.572577271,0.002504005,0
39.09956121,19.86233693,41.0306466,-0.412823755,34.73313895,5.5,0.055548728,1
37.92402581,13.33093616,26.14109624,-0.511752082,34.4016897,5.5,0.009520945,1
22.26866406,19.79330008,21.73505333,-0.278335093,22.43569606,1.954207644,0.010529432,0
10.27314805,13.56947386,15.56619025,-0.235662064,26.85150832,0.5,0.039450456,0
38.95949618,16.53574856,36.92654261,-0.394893769,34.39481833,5.5,0.053393805,1
25.609879,24.03326673,25.9995493,-0.207181297,16.90946604,5.5,0.009556038,0
38.40041139,21.5264107,40.7025565,-0.422826904,34.13728901,5.5,0.044012491,1
49.64473683,15.89131659,18.35212424,-1.163164211,48.09503059,5.5,0.112383112,0
38.42487446,18.62437008,37.43525687,-0.417393172,34.10625366,5.5,0.05557601,1
47.36554765,14.61797171,27.33479938,-0.614231154,47.01770831,2.229344722,0.069709506,0
46.62364873,19.36291214,31.7458032,-1.085770536,48.82851946,0.756070498,0.059156838,0
25.77308442,16.94512608,17.25646952,-0.377586575,32.87858634,0.691625513,0.009747103,0
37.89117407,18.96263914,37.99101819,-0.453607006,33.91733149,5.5,0.051947266,1
10.99454728,19.99427092,22.47251166,-0.235702739,27.5700466,0.5,0.024154573,0
46.49990405,20.05264554,32.04719459,-1.29120477,49.24690805,0.545645695,0.050343221,0
49.56151422,17.88274432,32.37540918,-0.595045212,46.53222704,5.5,0.096923023,0
46.31103929,25.79270807,44.69711219,-0.948070456,48.49973876,0.839535348,0.024339919,0
38.89847098,15.31322889,32.37868357,-0.426349725,34.67057371,5.5,0.060456498,1
39.00109879,22.10987429,44.76459173,-0.426818782,34.77784782,5.5,0.051157107,1
48.89008401,28.55068859,38.29662557,-0.558438784,45.66222289,5.5,0.035809167,0
37.72238075,17.44818789,36.57059646,-0.423104795,33.46205834,5.5,0.036577316,1
38.92204441,16.50130263,35.7079931,-0.425054071,34.68125963,5.5,0.032986754,1
16.98118766,21.56264698,23.13245001,-0.188369935,7.411917288,5.5,0.023577318,0
48.67627803,21.38987238,29.75613866,-1.800250639,50.84647062,0.5,0.047168785,0
26.9217785,11.40613573,56.71291603,-0.021570546,0,2.707586953,-0.147570677,0
39.03174121,21.1378222,47.48406832,-0.424895006,34.78936883,5.5,0.083006553,1
8.401952132,21.55939377,29.42512621,-0.106505572,45.08445159,0.5,-0.06979669,0
46.36298831,19.42324713,33.08541806,-0.769799886,46.1968749,2.133380506,0.036470083,0
33.43230258,17.04210429,19.42286022,-0.087358873,12.7983044,5.5,3.35E-06,0
37.44579327,21.21739424,41.43940663,-0.47073585,33.6165484,5.5,0.012724881,1
38.4315081,22.22003519,45.49310302,-0.435964826,34.2968561,5.5,0.047217329,1
38.47097847,18.13215286,33.21980664,-0.43455189,34.32288275,5.5,0.023162183,1
39.43795564,17.60140592,34.62815185,-0.468369031,35.58936036,5.5,0.050295487,1
39.30890899,26.98339837,58.29154897,-0.412224177,34.93613578,5.5,0.055986242,1
39.75798672,17.23548597,33.86682826,-0.402462033,35.27914725,5.5,0.054090603,1
39.68333895,18.66537865,40.55313211,-0.421202458,35.40377504,5.5,0.100365972,1
38.23087489,19.45839281,43.70565722,-0.409625715,33.83036299,5.5,0.042139796,1
47.98893295,21.70568882,23.54119477,-0.580515376,44.88382512,5.5,0.052062029,0
20.16005307,21.09249751,23.35086093,-0.090474727,0.236667875,5.5,0.072596047,0
39.30396103,22.89316615,40.96327052,-0.448135035,35.28159568,5.5,0.04287153,1
39.71606648,15.5352598,39.33896341,-0.37667837,34.93065011,5.5,0.092601064,1
39.59432724,11.45736706,23.66060078,-0.436861931,35.46816584,5.5,0.08056261,1
38.44788461,18.15240885,38.93667384,-0.402973803,33.9747332,5.5,0.015758223,1
